{
    "right_hand_a" :  {"start": [[-0.0017569464398548007, 0.001274292590096593, 0.0014515554066747427]], "end": [[0.049350954592227936, -0.00012735615018755198, 0.000320348481182009]], "radius": 0.013806527480483055} ,
    "right_hand_b" :  {"start": [[-0.009423078037798405, -0.0008256124565377831, 0.0003463654138613492]], "end": [[0.031056014820933342, -0.001330489874817431, -0.0008952850475907326]], "radius": 0.011226505041122437} ,
    "right_hand_c" :  {"start": [[0.019067440181970596, 0.0012247441336512566, -6.856648542452604e-05]], "end": [[0.002056265715509653, 0.0008432340109720826, -0.0005041087279096246]], "radius": 0.008739474229514599} ,
    "right_hand_j" :  {"start": [[0.001870881300419569, 0.0019623946864157915, -0.0007569428416900337]], "end": [[0.049313735216856, -0.0015828725881874561, 0.0006724834674969316]], "radius": 0.008922210894525051} ,
    "right_hand_n" :  {"start": [[-0.006248295307159424, 0.001331030623987317, -0.00028392148669809103]], "end": [[0.035871878266334534, 0.0002690148539841175, -0.00028003237093798816]], "radius": 0.007263451348990202} ,
    "right_hand_r" :  {"start": [[-3.402046058909036e-05, -0.0001472757721785456, -0.0002712653367780149]], "end": [[0.01586412638425827, -0.0001268461492145434, 0.00010543987445998937]], "radius": 0.006862804759293795} ,
    "right_hand_i" :  {"start": [[0.044262826442718506, 0.0001960356894414872, -0.0001898399495985359]], "end": [[-0.00028549216222018003, 0.0017327861860394478, 0.0005592467496171594]], "radius": 0.008587322197854519} ,
    "right_hand_m" :  {"start": [[-0.005693515762686729, -0.00018725039262790233, -0.00042122602462768555]], "end": [[0.021881289780139923, -0.0003460195439402014, 0.0007269028574228287]], "radius": 0.007864202372729778} ,
    "right_hand_q" :  {"start": [[0.015864012762904167, 0.0003872553934343159, 7.296958938241005e-05]], "end": [[0.0005593746900558472, 0.0002663331397343427, -0.0010172390611842275]], "radius": 0.006949963979423046} ,
    "right_hand_l" :  {"start": [[0.0013864657375961542, 0.000478667818242684, 0.0008865833515301347]], "end": [[0.04787164926528931, 0.0003841191064566374, -0.0007378453738056123]], "radius": 0.008772817440330982} ,
    "right_hand_p" :  {"start": [[-0.005578329786658287, 0.0014485890278592706, -0.00023428737767972052]], "end": [[0.029575975611805916, 0.0005557634285651147, -0.0005115133826620877]], "radius": 0.007412389386445284} ,
    "right_hand_t" :  {"start": [[0.015310315415263176, 0.0006405824096873403, 0.0001558133226353675]], "end": [[0.0005184056935831904, -0.00024642868083901703, -0.00032993481727316976]], "radius": 0.007015792187303305} ,
    "right_hand_k" :  {"start": [[0.04941762983798981, 0.0008222358301281929, -0.00019053589494433254]], "end": [[-0.006576083600521088, 0.00047613494098186493, 9.784160647541285e-05]], "radius": 0.008536694571375847} ,
    "right_hand_o" :  {"start": [[0.03214934095740318, 0.0009990164544433355, 7.76269516791217e-05]], "end": [[-0.006110807415097952, 0.0003999769105575979, -0.0002050885814242065]], "radius": 0.007396522909402847} ,
    "right_hand_s" :  {"start": [[0.01554887369275093, 0.0002596484846435487, 2.4745753762545064e-05]], "end": [[0.0004752981476485729, -0.00023956688528414816, 0.0005500282859429717]], "radius": 0.006985812447965145}
}