{
    "right_hand_base_link" :[],
    "right_hand_e1" :[],
    "right_hand_z" :[],
    "right_hand_a" :[],
    "right_hand_b" :[],
    "right_hand_c" :[
        [0.008000, 0.010055, -0.004000],
        [0.013333, 0.009380, -0.004000],
        [0.018667, 0.008107, -0.004000],
        [0.024000, 0.005492, -0.004000],
        [0.008000, 0.010821, 0.000000],
        [0.013333, 0.010273, 0.000000],
        [0.018667, 0.009059, 0.000000],
        [0.024000, 0.007163, 0.000000],
        [0.008000, 0.010055, 0.004000],
        [0.013333, 0.009380, 0.004000],
        [0.018667, 0.008107, 0.004000],
        [0.024000, 0.005492, 0.004000]
    ],
    "right_hand_e2" :[],
    "right_hand_virtual_j" :[],
    "right_hand_j" :[],
    "right_hand_n" :[],
    "right_hand_r" :[
        [0.008000, 0.007476, -0.004000],
        [0.012000, 0.007088, -0.004000],
        [0.016000, 0.006150, -0.004000],
        [0.020000, 0.003567, -0.004000],
        [0.008000, 0.007910, 0.000000],
        [0.012000, 0.008267, 0.000000],
        [0.016000, 0.007284, 0.000000],
        [0.020000, 0.005443, 0.000000],
        [0.008000, 0.007476, 0.004000],
        [0.012000, 0.007088, 0.004000],
        [0.016000, 0.006150, 0.004000],
        [0.020000, 0.003567, 0.004000]
    ],
    "right_hand_virtual_i" :[],
    "right_hand_i" :[],
    "right_hand_m" :[],
    "right_hand_q" :[
        [0.008000, 0.007476, -0.004000],
        [0.012000, 0.007088, -0.004000],
        [0.016000, 0.006150, -0.004000],
        [0.020000, 0.003567, -0.004000],
        [0.008000, 0.007910, 0.000000],
        [0.012000, 0.008267, 0.000000],
        [0.016000, 0.007284, 0.000000],
        [0.020000, 0.005443, 0.000000],
        [0.008000, 0.007476, 0.004000],
        [0.012000, 0.007088, 0.004000],
        [0.016000, 0.006150, 0.004000],
        [0.020000, 0.003567, 0.004000]
    ],
    "right_hand_virtual_l" :[],
    "right_hand_l" :[],
    "right_hand_p" :[],
    "right_hand_t" :[
        [0.008000, 0.007476, -0.004000],
        [0.012000, 0.007088, -0.004000],
        [0.016000, 0.006150, -0.004000],
        [0.020000, 0.003567, -0.004000],
        [0.008000, 0.007910, 0.000000],
        [0.012000, 0.008267, 0.000000],
        [0.016000, 0.007284, 0.000000],
        [0.020000, 0.005443, 0.000000],
        [0.008000, 0.007476, 0.004000],
        [0.012000, 0.007088, 0.004000],
        [0.016000, 0.006150, 0.004000],
        [0.020000, 0.003567, 0.004000]
    ],
    "right_hand_virtual_k" :[],
    "right_hand_k" :[],
    "right_hand_o" :[],
    "right_hand_s" :[
        [0.008000, 0.007476, -0.004000],
        [0.012000, 0.007088, -0.004000],
        [0.016000, 0.006150, -0.004000],
        [0.020000, 0.003567, -0.004000],
        [0.008000, 0.007910, 0.000000],
        [0.012000, 0.008267, 0.000000],
        [0.016000, 0.007284, 0.000000],
        [0.020000, 0.005443, 0.000000],
        [0.008000, 0.007476, 0.004000],
        [0.012000, 0.007088, 0.004000],
        [0.016000, 0.006150, 0.004000],
        [0.020000, 0.003567, 0.004000]
    ]
}