{
    "link_1.0" :  {"start": [[-0.0009341433760710061, -4.286987677915022e-05, 0.0007811348186805844]], "end": [[-0.0018636718159541488, 0.00046121544437482953, 0.05298726633191109]], "radius": 0.013254278339445591} ,
    "link_2.0" :  {"start": [[0.00013277486141305417, -4.3050211388617754e-05, 0.03789449855685234]], "end": [[-0.0015238744672387838, -0.00029320831527002156, -0.006351429503411055]], "radius": 0.012815877795219421} ,
    "link_3.0_tip" :  {"start": [[-0.0010889375116676092, -0.0005417850334197283, -0.0116249060863628983]], "end": [[0.0017643847968429327, 0.00027674430748447776, -0.01289728119969368]], "radius": 0.012224912643432617} ,
    "link_5.0" :  {"start": [[-0.00020180938008707017, -0.00104017392732203, 0.052888818085193634]], "end": [[-0.00011066803563153371, 0.0007953547174111009, 0.0010148799046874046]], "radius": 0.012457351200282574} ,
    "link_6.0" :  {"start": [[-0.0026954917702823877, -0.0002697352902032435, -0.006382486782968044]], "end": [[0.00016336300177499652, 0.00022116888430900872, 0.038288891315460205]], "radius": 0.012459329329431057} ,
    "link_7.0_tip" :  {"start": [[0.0012363307178020477, -0.000472506508231163, -0.0109576892480254173]], "end": [[-0.00013216794468462467, 0.00026246553170494735, -0.0127923095040023327]], "radius": 0.011057754047214985} ,
    "link_9.0" :  {"start": [[-0.0007303273887373507, -0.0004026913084089756, -0.0015721442177891731]], "end": [[-0.0004985895939171314, -0.0001257261901628226, 0.05532402917742729]], "radius": 0.013104412704706192} ,
    "link_10.0" :  {"start": [[0.001250667148269713, -0.0004876769962720573, 0.03702254965901375]], "end": [[-0.004340671934187412, -0.00045944174053147435, -0.005630998872220516]], "radius": 0.012853778898715973} ,
    "link_11.0_tip" :  {"start": [[1.5567149603157304e-05, 0.0003610983840189874, -0.0128729294426739216]], "end": [[2.5270983314840123e-05, 0.00011116793029941618, -0.0105453883786685765]], "radius": 0.012327193282544613} ,
    "link_14.0" :  {"start": [[0.00022590180742554367, -0.0002606042835395783, 0.001139780506491661]], "end": [[-0.0014506105799227953, -3.393676888663322e-05, 0.05622512847185135]], "radius": 0.013027695007622242} ,
    "link_15.0" :  {"start": [[-0.0015801935223862529, 0.00043203483801335096, 0.032204944640398026]], "end": [[0.000545235991012305, -2.8139655114500783e-05, -0.0002286253438796848]], "radius": 0.012002595700323582} ,
    "link_15.0_tip" :  {"start": [[-0.0003225984692107886, -5.588938438449986e-05, -0.01016162492102012038]], "end": [[0.00023111398331820965, -0.00019843796326313168, -0.0131763906590640545]], "radius": 0.012068788520991802}
}