{
    "base_link" :[],
    "link_0.0" :[],
    "link_1.0" :[],
    "link_2.0" :[],
    "link_3.0" :[],
    "link_3.0_tip" :[
        [0.011813, -0.002000, -0.016000],
        [0.011608, 0.003000, -0.016000],
        [0.008922, 0.008000, -0.016000],
        [0.011811, -0.002000, -0.012000],
        [0.011618, 0.003000, -0.012000],
        [0.008926, 0.008000, -0.012000],
        [0.011099, -0.002000, -0.008000],
        [0.010883, 0.003000, -0.008000],
        [0.007955, 0.008000, -0.008000]
    ],
    "link_4.0" :[],
    "link_5.0" :[],
    "link_6.0" :[],
    "link_7.0" :[],
    "link_7.0_tip" :[
        [0.011813, -0.002000, -0.016000],
        [0.011608, 0.003000, -0.016000],
        [0.008922, 0.008000, -0.016000],
        [0.011811, -0.002000, -0.012000],
        [0.011618, 0.003000, -0.012000],
        [0.008926, 0.008000, -0.012000],
        [0.011099, -0.002000, -0.008000],
        [0.010883, 0.003000, -0.008000],
        [0.007955, 0.008000, -0.008000]
    ],
    "link_8.0" :[],
    "link_9.0" :[],
    "link_10.0" :[],
    "link_11.0" :[],
    "link_11.0_tip" :[
        [0.011813, -0.002000, -0.016000],
        [0.011608, 0.003000, -0.016000],
        [0.008922, 0.008000, -0.016000],
        [0.011811, -0.002000, -0.012000],
        [0.011618, 0.003000, -0.012000],
        [0.008926, 0.008000, -0.012000],
        [0.011099, -0.002000, -0.008000],
        [0.010883, 0.003000, -0.008000],
        [0.007955, 0.008000, -0.008000]
    ],
    "link_12.0" :[],
    "link_13.0" :[],
    "link_14.0" :[],
    "link_15.0" :[],
    "link_15.0_tip" :[
        [0.011813, -0.002000, -0.016000],
        [0.011608, 0.003000, -0.016000],
        [0.008922, 0.008000, -0.016000],
        [0.011811, -0.002000, -0.012000],
        [0.011618, 0.003000, -0.012000],
        [0.008926, 0.008000, -0.012000],
        [0.011099, -0.002000, -0.008000],
        [0.010883, 0.003000, -0.008000],
        [0.007955, 0.008000, -0.008000]
    ]
}
