{
    "ffproximal" :  {"start": [[0.0005363286472856998, 0.0009492327808402479, 0.043959394097328186]], "end": [[0.00017692190886009485, -0.001060384907759726, -0.0010844594798982143]], "radius": 0.008768128231167793} ,
    "ffmiddle" :  {"start": [[-0.0005105823511257768, -0.0004789924423675984, 0.02397511526942253]], "end": [[0.00040878262370824814, -0.0001172485135612078, -5.0538452342152596e-05]], "radius": 0.008816048502922058} ,
    "ffdistal" :  {"start": [[0.0008468134328722954, 0.0006661961670033634, 0.02496359869837761]], "end": [[-0.0005140499561093748, -0.000519791676197201, 0.0077625601552426815]], "radius": 0.007146395742893219} ,
    "mfproximal" :  {"start": [[-9.170172415906563e-05, -0.0004548232536762953, -0.001595458248630166]], "end": [[-5.5858745326986536e-05, -1.2240740943525452e-05, 0.043209295719861984]], "radius": 0.008876458741724491} ,
    "mfmiddle" :  {"start": [[-7.482556975446641e-05, -0.0008770752465352416, 0.023979663848876953]], "end": [[-0.00023435743059962988, -0.00014290466788224876, -0.00037501781480386853]], "radius": 0.008877421729266644} ,
    "mfdistal" :  {"start": [[-8.72070377226919e-05, -0.0010749149369075894, 0.0051337038166821]], "end": [[0.00010522287630010396, 0.0008814054890535772, 0.024679971858859062]], "radius": 0.007614587899297476} ,
    "rfproximal" :  {"start": [[6.120087346062064e-05, 0.00044841182534582913, 0.043330106884241104]], "end": [[0.00025050464319065213, -0.0005238027079030871, -0.002987214829772711]], "radius": 0.00859478022903204} ,
    "rfmiddle" :  {"start": [[-1.175025499833282e-05, -0.000452975305961445, -0.00017652555834501982]], "end": [[-8.337415056303144e-05, -0.00016864808276295662, 0.024310722947120667]], "radius": 0.008722548373043537} ,
    "rfdistal" :  {"start": [[-0.00010460466000949964, 0.0005438730586320162, 0.024778082966804504]], "end": [[0.00017773555009625852, 6.102323095547035e-05, 0.005060449708253145]], "radius": 0.007310963235795498} ,
    "lfproximal" :  {"start": [[-0.00010847666999325156, -0.0013096164911985397, -0.0002505092415958643]], "end": [[-0.0005163922323845327, 0.000529779470525682, 0.042818985879421234]], "radius": 0.00855821929872036} ,
    "lfmiddle" :  {"start": [[-4.270483259460889e-05, 0.0005313942092470825, -0.0005793542950414121]], "end": [[0.0005751362768933177, 0.0002907845482695848, 0.02285844273865223]], "radius": 0.008839189074933529} ,
    "lfdistal" :  {"start": [[-0.00013107155973557383, 0.0003221706429030746, 0.024341892451047897]], "end": [[-0.00016531185247004032, -0.0007637404487468302, 0.01189199648797512]], "radius": 0.00775937782600522} ,
    "thproximal" :  {"start": [[-3.2341522455681115e-05, 0.00019210169557482004, 0.037853095680475235]], "end": [[3.3189295209012926e-05, 0.0004299128195270896, -0.0012017522240057588]], "radius": 0.011223881505429745} ,
    "thmiddle" :  {"start": [[0.00013539876090362668, 0.00011195673141628504, 0.03327128663659096]], "end": [[-0.0006345039582811296, 6.649618444498628e-05, -0.002183356788009405]], "radius": 0.010675480589270592} ,
    "thdistal" :  {"start": [[0.00024355028290301561, 0.0011835966724902391, 0.026216408237814903]], "end": [[0.0005854849005118012, -1.2524236808530986e-05, 0.007783066481351852]], "radius": 0.00929455365985632}
}