{
    "thdistal": [0, 0, 0.03105],
    "ffdistal": [0, 0, 0.03105],
    "mfdistal": [0, 0, 0.03105],
    "rfdistal": [0, 0, 0.03105],
    "lfdistal": [0, 0, 0.03105]
}