{
    "thumb_proximal" :  {"start": [[0.0068289730697870255, 0.0037014191038906574, -0.00850093737244606]], "end": [[0.05011747404932976, 0.028561526909470558, -0.006064719520509243]], "radius": 0.015225663289427757},
    "thumb_distal" :  {"start": [[0.014784766361117363, 0.00940798781812191, -0.00590819027274847]], "end": [[0.0024589328095316887, -0.0003151282435283065, -0.006525053177028894]], "radius": 0.00670763710513711},
    "index_proximal" :  {"start": [[0.00042427738662809134, 0.02705875225365162, -0.005707841832190752]], "end": [[-0.0006371819181367755, -0.005483692977577448, -0.00647800462320447]], "radius": 0.007402561139315367},
    "index_intermediate" :  {"start": [[0.003325194353237748, 0.0008286727825179696, -0.005697952583432198]], "end": [[0.0003397945547476411, 0.03934048116207123, -0.004903491586446762]], "radius": 0.005663002375513315},
    "middle_proximal" :  {"start": [[0.0009465412585996091, 0.028397902846336365, -0.0059518334455788136]], "end": [[-0.0009077720460481942, -0.004469295032322407, -0.006442406680434942]], "radius": 0.007578101474791765},
    "middle_intermediate" :  {"start": [[0.004741347394883633, -0.0002153036039089784, -0.005657374858856201]], "end": [[-0.0003843583108391613, 0.0437789149582386, -0.004570806864649057]], "radius": 0.005746769718825817},
    "ring_proximal" :  {"start": [[0.00043719488894566894, 0.0304211787879467, -0.006714736111462116]], "end": [[0.00040750796324573457, -0.00390752824023366, -0.006015361286699772]], "radius": 0.00781250186264515},
    "ring_intermediate" :  {"start": [[0.005092675797641277, -0.002903055865317583, -0.005156590137630701]], "end": [[-0.0005128563498146832, 0.039127301424741745, -0.00548553979024291]], "radius": 0.005603022873401642},
    "pinky_proximal" :  {"start": [[-0.001057941815815866, -0.002839376451447606, -0.0061089093796908855]], "end": [[0.0006558179156854749, 0.026601046323776245, -0.005313912406563759]], "radius": 0.00796837080270052},
    "pinky_intermediate" :  {"start": [[0.0036194538697600365, -0.0022626300342381, -0.004910469986498356]], "end": [[0.001913199434056878, 0.0312555693089962, -0.004673993214964867]], "radius": 0.005344812758266926}
}