{
    "hand_base_link" :[],
    "thumb_proximal_base" :[],
    "thumb_proximal" :[],
    "thumb_intermediate" :[],
    "thumb_distal" :[
        [-0.002000, 0.004591, -0.010000],
        [0.005000, 0.010189, -0.010000],
        [0.012000, 0.014162, -0.010000],
        [0.019000, 0.013504, -0.010000],
        [-0.002000, 0.004933, -0.006000],
        [0.005000, 0.010742, -0.006000],
        [0.012000, 0.014699, -0.006000],
        [0.019000, 0.014822, -0.006000],
        [-0.002000, 0.004591, -0.002000],
        [0.005000, 0.010189, -0.002000],
        [0.012000, 0.014162, -0.002000],
        [0.019000, 0.013505, -0.002000]
    ],
    "index_proximal" :[],
    "index_intermediate" :[
        [-0.001922, 0.019000, -0.007000],
        [-0.002807, 0.023400, -0.007000],
        [-0.004252, 0.027800, -0.007000],
        [-0.005320, 0.032200, -0.007000],
        [-0.005579, 0.036600, -0.007000],
        [-0.005007, 0.041000, -0.007000],
        [-0.001526, 0.019000, -0.002000],
        [-0.002413, 0.023400, -0.002000],
        [-0.003842, 0.027800, -0.002000],
        [-0.004994, 0.032200, -0.002000],
        [-0.005231, 0.036600, -0.002000],
        [-0.004703, 0.041000, -0.002000]
    ],
    "middle_proximal" :[],
    "middle_intermediate" :[
        [-0.004923, 0.022000, -0.007000],
        [-0.005168, 0.026200, -0.007000],
        [-0.005413, 0.030400, -0.007000],
        [-0.005657, 0.034600, -0.007000],
        [-0.005803, 0.038800, -0.007000],
        [-0.005438, 0.043000, -0.007000],
        [-0.004594, 0.022000, -0.002000],
        [-0.004843, 0.026200, -0.002000],
        [-0.005093, 0.030400, -0.002000],
        [-0.005342, 0.034600, -0.002000],
        [-0.005470, 0.038800, -0.002000],
        [-0.005130, 0.043000, -0.002000]
    ],
    "ring_proximal" :[],
    "ring_intermediate" :[
        [-0.001922, 0.019000, -0.007000],
        [-0.002807, 0.023400, -0.007000],
        [-0.004252, 0.027800, -0.007000],
        [-0.005320, 0.032200, -0.007000],
        [-0.005579, 0.036600, -0.007000],
        [-0.005007, 0.041000, -0.007000],
        [-0.001526, 0.019000, -0.002000],
        [-0.002413, 0.023400, -0.002000],
        [-0.003842, 0.027800, -0.002000],
        [-0.004994, 0.032200, -0.002000],
        [-0.005231, 0.036600, -0.002000],
        [-0.004703, 0.041000, -0.002000]
    ],
    "pinky_proximal" :[],
    "pinky_intermediate" :[
        [-0.003550, 0.012000, -0.007000],
        [-0.003694, 0.016400, -0.007000],
        [-0.003838, 0.020800, -0.007000],
        [-0.003980, 0.025200, -0.007000],
        [-0.004110, 0.029600, -0.007000],
        [-0.003544, 0.034000, -0.007000],
        [-0.003278, 0.012000, -0.002000],
        [-0.003412, 0.016400, -0.002000],
        [-0.003544, 0.020800, -0.002000],
        [-0.003677, 0.025200, -0.002000],
        [-0.003795, 0.029600, -0.002000],
        [-0.003222, 0.034000, -0.002000]
    ]
}